{"cameraMode":{"drawMode":0,"name":"Shaded","section":"Shading Mode"},"sceneLighting":true,"audioPlay":false,"sceneViewState":{"showFog":true,"showMaterialUpdate":false,"showSkybox":true,"showFlares":true,"showImageEffects":true,"showParticleSystems":true},"in2DMode":false,"pivot":{"x":2.6958441734313967,"y":4.681126594543457,"z":-0.5850411653518677},"rotation":{"x":0.12782716751098634,"y":0.6998748183250427,"z":-0.12952622771263123,"w":0.6906943321228027},"size":2.496377468109131,"orthographic":false}