{"cameraMode":{"drawMode":0,"name":"Shaded","section":"Shading Mode"},"sceneLighting":true,"audioPlay":false,"sceneViewState":{"showFog":true,"showMaterialUpdate":false,"showSkybox":false,"showFlares":true,"showImageEffects":true,"showParticleSystems":true},"in2DMode":false,"pivot":{"x":-0.904296875,"y":21.422290802001954,"z":-1.4957199096679688},"rotation":{"x":0.2449568212032318,"y":-0.013672222383320332,"z":0.0034543382935225965,"w":0.9694330096244812},"size":72.96183013916016,"orthographic":false}