{"cameraMode":{"drawMode":0,"name":"Shaded","section":"Shading Mode"},"sceneLighting":false,"audioPlay":false,"sceneViewState":{"showFog":true,"showMaterialUpdate":false,"showSkybox":false,"showFlares":true,"showImageEffects":true,"showParticleSystems":true},"in2DMode":false,"pivot":{"x":0.005279541015625,"y":0.7095296382904053,"z":-0.0977853536605835},"rotation":{"x":0.04796462133526802,"y":-0.026364585384726526,"z":0.0012663074303418398,"w":0.9985014796257019},"size":1.939874529838562,"orthographic":false}