{"cameraMode":{"drawMode":0,"name":"Shaded","section":"Shading Mode"},"sceneLighting":false,"audioPlay":false,"sceneViewState":{"showFog":true,"showMaterialUpdate":false,"showSkybox":false,"showFlares":true,"showImageEffects":true,"showParticleSystems":true},"in2DMode":false,"pivot":{"x":258.6358337402344,"y":34.42375564575195,"z":251.46026611328126},"rotation":{"x":0.10233376175165177,"y":0.34876906871795657,"z":-0.0383433923125267,"w":0.9308167099952698},"size":380.1982421875,"orthographic":false}