{"cameraMode":{"drawMode":0,"name":"Shaded","section":"Shading Mode"},"sceneLighting":false,"audioPlay":false,"sceneViewState":{"showFog":true,"showMaterialUpdate":false,"showSkybox":false,"showFlares":true,"showImageEffects":true,"showParticleSystems":true},"in2DMode":false,"pivot":{"x":-20.699514389038087,"y":53.3928108215332,"z":-82.00740051269531},"rotation":{"x":0.1833604872226715,"y":0.03155166283249855,"z":-0.005888327956199646,"w":0.9825229048728943},"size":10.0,"orthographic":false}