{"cameraMode":{"drawMode":0,"name":"Shaded","section":"Shading Mode"},"sceneLighting":false,"audioPlay":false,"sceneViewState":{"showFog":false,"showMaterialUpdate":false,"showSkybox":false,"showFlares":false,"showImageEffects":false,"showParticleSystems":false},"in2DMode":false,"pivot":{"x":-3.2977800369262697,"y":1.7095444202423096,"z":-0.005279541015625},"rotation":{"x":-0.07373949140310288,"y":0.009570739232003689,"z":-0.0007070805295370519,"w":-0.997235119342804},"size":3.643660068511963,"orthographic":false}